w,best_lambda,abs_gap_vs_inf,inf_mean,lambda_mean
25,64,0.012514,0.931057,0.918543
50,32,0.003575,0.899339,0.902915
