w,best_lambda,abs_gap_vs_inf,inf_mean,lambda_mean
25,32,0.011831,0.444864,0.433032
50,64,0.016018,0.265471,0.249453
