w,best_lambda,abs_gap_vs_inf,inf_mean,lambda_mean
25,64,0.001405,0.499240,0.500645
50,64,0.002435,0.390765,0.393199
