w,best_lambda,abs_gap_vs_inf,inf_mean,lambda_mean
25,8,0.046301,0.821726,0.868027
50,64,0.033000,0.747694,0.780694
