w,best_lambda,abs_gap_vs_inf,inf_mean,lambda_mean
25,64,0.179871,0.528650,0.348779
50,8,0.015968,0.406957,0.390990
