w,best_lambda,abs_gap_vs_inf,inf_mean,lambda_mean
25,8,0.043606,0.779523,0.823129
50,64,0.029899,0.711562,0.681663
