w,best_lambda,abs_gap_vs_inf,inf_mean,lambda_mean
25,16,0.025217,0.614514,0.589298
50,64,0.036669,0.483921,0.447252
