w,best_lambda,abs_gap_vs_inf,inf_mean,lambda_mean
25,32,0.000308,0.574944,0.574636
50,16,0.006333,0.461068,0.454735
