w,best_lambda,abs_gap_vs_inf,inf_mean,lambda_mean
25,64,0.037202,0.854098,0.816897
50,64,0.001492,0.773390,0.771898
