w,best_lambda,abs_gap_vs_inf,inf_mean,lambda_mean
25,16,0.012332,0.569928,0.557596
50,32,0.014063,0.443589,0.457652
