w,best_lambda,abs_gap_vs_inf,inf_mean,lambda_mean
25,8,0.000000,1.000000,1.000000
50,8,0.000000,1.000000,1.000000
