w,best_lambda,abs_gap_vs_inf,inf_mean,lambda_mean
25,32,0.028937,0.271178,0.242241
50,64,0.032002,0.220589,0.188587
