w,best_lambda,abs_gap_vs_inf,inf_mean,lambda_mean
25,8,0.023988,0.413039,0.389052
50,32,0.034156,0.286131,0.251976
