w,best_lambda,abs_gap_vs_inf,inf_mean,lambda_mean
25,64,0.027414,0.358803,0.331388
50,8,0.016414,0.212527,0.196113
