w,best_lambda,abs_gap_vs_inf,inf_mean,lambda_mean
25,64,0.025007,0.316674,0.291667
50,8,0.050161,0.245007,0.194846
