w,best_lambda,abs_gap_vs_inf,inf_mean,lambda_mean
25,64,0.047185,0.843799,0.796614
50,64,0.009366,0.798577,0.789212
