w,best_lambda,abs_gap_vs_inf,inf_mean,lambda_mean
25,8,0.008474,0.694194,0.685720
50,16,0.003089,0.567378,0.570467
