w,best_lambda,abs_gap_vs_inf,inf_mean,lambda_mean
25,64,0.141499,0.457905,0.316406
50,64,0.071201,0.293275,0.222075
