w,best_lambda,abs_gap_vs_inf,inf_mean,lambda_mean
25,64,0.015577,0.439507,0.423930
50,8,0.010072,0.318467,0.328539
