w,best_lambda,abs_gap_vs_inf,inf_mean,lambda_mean
25,64,0.051588,0.374693,0.323105
50,32,0.012495,0.262510,0.250015
