w,best_lambda,abs_gap_vs_inf,inf_mean,lambda_mean
25,8,0.005076,0.721176,0.716100
50,64,0.019485,0.596851,0.577366
