w,best_lambda,abs_gap_vs_inf,inf_mean,lambda_mean
25,32,0.005512,0.502999,0.508512
50,64,0.031806,0.404891,0.373085
