w,best_lambda,abs_gap_vs_inf,inf_mean,lambda_mean
25,64,0.001044,0.340458,0.341502
50,8,0.016573,0.162825,0.179397
