w,best_lambda,abs_gap_vs_inf,inf_mean,lambda_mean
25,8,0.004044,0.297988,0.293944
50,64,0.037806,0.180864,0.143058
