w,best_lambda,abs_gap_vs_inf,inf_mean,lambda_mean
25,64,0.050864,0.555405,0.504541
50,32,0.000165,0.411151,0.410986
