w,best_lambda,abs_gap_vs_inf,inf_mean,lambda_mean
25,64,0.051243,0.543490,0.492247
50,32,0.025552,0.380042,0.354490
