w,best_lambda,abs_gap_vs_inf,inf_mean,lambda_mean
25,16,0.018649,0.379138,0.397788
50,64,0.003182,0.197117,0.200299
