w,best_lambda,abs_gap_vs_inf,inf_mean,lambda_mean
25,64,0.062365,0.659500,0.597135
50,32,0.000160,0.564623,0.564782
