w,best_lambda,abs_gap_vs_inf,inf_mean,lambda_mean
25,64,0.002135,0.846261,0.844127
50,64,0.012216,0.789794,0.802009
