w,best_lambda,abs_gap_vs_inf,inf_mean,lambda_mean
25,16,0.003381,0.604094,0.600713
50,32,0.004828,0.471983,0.476811
