w,best_lambda,abs_gap_vs_inf,inf_mean,lambda_mean
25,64,0.005386,0.634825,0.629439
50,16,0.069485,0.521114,0.451628
