w,best_lambda,abs_gap_vs_inf,inf_mean,lambda_mean
25,8,0.004094,0.751915,0.756009
50,8,0.002781,0.619108,0.616327
