w,best_lambda,abs_gap_vs_inf,inf_mean,lambda_mean
25,64,0.051950,0.441176,0.389226
50,64,0.016435,0.281796,0.265361
