w,best_lambda,abs_gap_vs_inf,inf_mean,lambda_mean
25,32,0.014910,0.663645,0.678555
50,32,0.022409,0.566992,0.544583
