w,best_lambda,abs_gap_vs_inf,inf_mean,lambda_mean
25,16,0.002572,0.548011,0.545439
50,64,0.006622,0.418187,0.411565
