w,best_lambda,abs_gap_vs_inf,inf_mean,lambda_mean
25,16,0.020808,0.900626,0.879819
50,64,0.023252,0.857991,0.834739
