w,best_lambda,abs_gap_vs_inf,inf_mean,lambda_mean
25,16,0.030869,0.427797,0.396928
50,32,0.010418,0.295517,0.285099
