w,best_lambda,abs_gap_vs_inf,inf_mean,lambda_mean
25,64,0.050005,0.544955,0.494950
50,16,0.002798,0.465700,0.462902
