w,best_lambda,abs_gap_vs_inf,inf_mean,lambda_mean
25,32,0.011896,0.650260,0.638364
50,64,0.015045,0.535716,0.520671
