w,best_lambda,abs_gap_vs_inf,inf_mean,lambda_mean
25,32,0.000259,0.458380,0.458638
50,64,0.065361,0.382410,0.317049
