w,best_lambda,abs_gap_vs_inf,inf_mean,lambda_mean
25,64,0.020042,0.846495,0.826453
50,64,0.002781,0.765801,0.768582
