w,best_lambda,abs_gap_vs_inf,inf_mean,lambda_mean
25,8,0.074743,0.280902,0.206160
50,32,0.003945,0.145467,0.141522
