w,best_lambda,abs_gap_vs_inf,inf_mean,lambda_mean
25,8,0.000513,0.564214,0.563701
50,64,0.006358,0.461892,0.468251
