w,best_lambda,abs_gap_vs_inf,inf_mean,lambda_mean
25,8,0.008979,0.544251,0.535272
50,32,0.056438,0.414760,0.358322
