w,best_lambda,abs_gap_vs_inf,inf_mean,lambda_mean
25,64,0.114172,0.749236,0.635064
50,64,0.030068,0.646953,0.616884
