w,best_lambda,abs_gap_vs_inf,inf_mean,lambda_mean
25,8,0.012532,0.908103,0.920635
50,16,0.006958,0.874461,0.881419
