w,best_lambda,abs_gap_vs_inf,inf_mean,lambda_mean
25,8,0.006298,0.866718,0.873016
50,32,0.018704,0.800817,0.819522
