w,best_lambda,abs_gap_vs_inf,inf_mean,lambda_mean
25,8,0.013057,0.775605,0.788662
50,32,0.048432,0.682850,0.731282
