w,best_lambda,abs_gap_vs_inf,inf_mean,lambda_mean
25,32,0.002855,0.649612,0.652468
50,8,0.063915,0.550433,0.614348
