w,best_lambda,abs_gap_vs_inf,inf_mean,lambda_mean
25,32,0.002615,0.742517,0.739902
50,16,0.016773,0.623994,0.640767
