w,best_lambda,abs_gap_vs_inf,inf_mean,lambda_mean
25,32,0.011898,0.630533,0.618636
50,64,0.013414,0.499660,0.486246
