w,best_lambda,abs_gap_vs_inf,inf_mean,lambda_mean
25,32,0.029909,0.314470,0.284561
50,32,0.004252,0.225268,0.229520
