w,best_lambda,abs_gap_vs_inf,inf_mean,lambda_mean
25,32,0.054299,0.481194,0.426895
50,8,0.001786,0.369082,0.367296
