w,best_lambda,abs_gap_vs_inf,inf_mean,lambda_mean
25,64,0.064183,0.421317,0.357134
50,64,0.011788,0.324614,0.336402
