w,best_lambda,abs_gap_vs_inf,inf_mean,lambda_mean
25,32,0.027236,0.843323,0.816087
50,64,0.022624,0.754934,0.732309
