w,best_lambda,abs_gap_vs_inf,inf_mean,lambda_mean
25,64,0.099030,0.486128,0.387098
50,32,0.014356,0.315703,0.301347
