w,best_lambda,abs_gap_vs_inf,inf_mean,lambda_mean
25,64,0.114753,0.417655,0.302901
50,64,0.006091,0.312793,0.306702
