w,best_lambda,abs_gap_vs_inf,inf_mean,lambda_mean
25,64,0.085209,0.589151,0.503942
50,64,0.006089,0.484157,0.490246
