w,best_lambda,abs_gap_vs_inf,inf_mean,lambda_mean
25,64,0.003873,0.807163,0.803290
50,16,0.026375,0.719695,0.693320
