w,best_lambda,abs_gap_vs_inf,inf_mean,lambda_mean
25,32,0.001473,0.830768,0.832241
50,64,0.042460,0.765186,0.722726
