w,best_lambda,abs_gap_vs_inf,inf_mean,lambda_mean
25,8,0.004043,0.297987,0.293944
50,64,0.037805,0.180864,0.143059
