w,best_lambda,abs_gap_vs_inf,inf_mean,lambda_mean
25,64,0.041075,0.576759,0.535684
50,64,0.016094,0.448458,0.432364
