w,best_lambda,abs_gap_vs_inf,inf_mean,lambda_mean
25,8,0.003591,0.326181,0.329772
50,32,0.031179,0.216689,0.185510
