w,best_lambda,abs_gap_vs_inf,inf_mean,lambda_mean
25,16,0.040895,0.473810,0.432915
50,64,0.005882,0.381555,0.387437
