w,best_lambda,abs_gap_vs_inf,inf_mean,lambda_mean
25,8,0.087786,0.871006,0.783220
50,64,0.028651,0.821816,0.793166
