w,best_lambda,abs_gap_vs_inf,inf_mean,lambda_mean
25,8,0.014414,0.233364,0.247778
50,16,0.000211,0.162198,0.161987
