w,best_lambda,abs_gap_vs_inf,inf_mean,lambda_mean
25,64,0.025366,0.522892,0.548258
50,64,0.036909,0.384765,0.347856
