w,best_lambda,abs_gap_vs_inf,inf_mean,lambda_mean
25,32,0.020794,0.657020,0.636227
50,8,0.006021,0.543763,0.549783
