w,best_lambda,abs_gap_vs_inf,inf_mean,lambda_mean
25,64,0.001670,0.637406,0.639076
50,32,0.014040,0.520349,0.534390
