w,best_lambda,abs_gap_vs_inf,inf_mean,lambda_mean
25,32,0.039313,0.391326,0.352014
50,32,0.006844,0.289938,0.283094
