w,best_lambda,abs_gap_vs_inf,inf_mean,lambda_mean
25,16,0.002070,0.409773,0.411843
50,32,0.002181,0.240700,0.242882
