w,best_lambda,abs_gap_vs_inf,inf_mean,lambda_mean
25,64,0.058420,0.354720,0.296300
50,64,0.021393,0.271147,0.249755
