w,best_lambda,abs_gap_vs_inf,inf_mean,lambda_mean
25,64,0.022946,0.486481,0.463535
50,16,0.040082,0.423350,0.383268
