w,best_lambda,abs_gap_vs_inf,inf_mean,lambda_mean
25,32,0.002378,0.851827,0.854204
50,16,0.002594,0.784646,0.782052
