w,best_lambda,abs_gap_vs_inf,inf_mean,lambda_mean
25,16,0.006813,0.382051,0.375238
50,32,0.006010,0.259114,0.265125
