w,best_lambda,abs_gap_vs_inf,inf_mean,lambda_mean
25,16,0.013387,0.868221,0.881609
50,16,0.003668,0.785935,0.789603
