w,best_lambda,abs_gap_vs_inf,inf_mean,lambda_mean
25,32,0.001329,0.221533,0.220204
50,32,0.000328,0.159479,0.159806
