w,best_lambda,abs_gap_vs_inf,inf_mean,lambda_mean
25,64,0.029507,0.343439,0.313932
50,64,0.015290,0.231559,0.216269
