w,best_lambda,abs_gap_vs_inf,inf_mean,lambda_mean
25,32,0.013239,0.492780,0.479541
50,32,0.005942,0.389997,0.384055
