w,best_lambda,abs_gap_vs_inf,inf_mean,lambda_mean
25,64,0.070572,0.445054,0.374482
50,16,0.013951,0.332666,0.318715
