w,best_lambda,abs_gap_vs_inf,inf_mean,lambda_mean
25,64,0.043083,0.407733,0.364651
50,32,0.012290,0.313268,0.300979
