w,best_lambda,abs_gap_vs_inf,inf_mean,lambda_mean
25,64,0.017560,0.863738,0.846178
50,32,0.008581,0.815194,0.806612
