w,best_lambda,abs_gap_vs_inf,inf_mean,lambda_mean
25,64,0.032403,0.337780,0.305377
50,64,0.029305,0.236916,0.207610
