w,best_lambda,abs_gap_vs_inf,inf_mean,lambda_mean
25,8,0.001614,0.406520,0.404906
50,32,0.008106,0.322173,0.330278
