w,best_lambda,abs_gap_vs_inf,inf_mean,lambda_mean
25,64,0.027520,0.637236,0.609716
50,64,0.018648,0.517818,0.536466
