w,best_lambda,abs_gap_vs_inf,inf_mean,lambda_mean
25,64,0.107882,0.663189,0.555307
50,16,0.060669,0.518017,0.457348
