w,best_lambda,abs_gap_vs_inf,inf_mean,lambda_mean
25,8,0.017874,0.474747,0.456873
50,64,0.036116,0.303974,0.267858
