w,best_lambda,abs_gap_vs_inf,inf_mean,lambda_mean
25,16,0.018263,0.217283,0.199020
50,16,0.011813,0.159825,0.148012
