w,best_lambda,abs_gap_vs_inf,inf_mean,lambda_mean
25,64,0.027472,0.574836,0.547363
50,8,0.081249,0.462617,0.381368
