w,best_lambda,abs_gap_vs_inf,inf_mean,lambda_mean
25,32,0.023134,0.552579,0.529446
50,64,0.020433,0.432852,0.453285
