w,best_lambda,abs_gap_vs_inf,inf_mean,lambda_mean
25,32,0.164882,0.526086,0.361205
50,16,0.016169,0.371199,0.387368
