w,best_lambda,abs_gap_vs_inf,inf_mean,lambda_mean
25,16,0.039161,0.629622,0.668783
50,64,0.014186,0.493931,0.508117
