w,best_lambda,abs_gap_vs_inf,inf_mean,lambda_mean
25,64,0.034884,0.494070,0.459185
50,64,0.007001,0.333847,0.326846
