w,best_lambda,abs_gap_vs_inf,inf_mean,lambda_mean
25,32,0.000000,0.175251,0.175251
50,8,0.000000,0.959184,0.959184
