w,best_lambda,abs_gap_vs_inf,inf_mean,lambda_mean
25,16,0.015188,0.637881,0.653069
50,32,0.013578,0.556895,0.570473
