w,best_lambda,abs_gap_vs_inf,inf_mean,lambda_mean
25,8,0.058690,0.312491,0.253801
50,16,0.011029,0.234042,0.223014
