w,lambda,avg_seconds
25,8,3.185439
25,16,3.171391
25,32,3.181801
25,64,3.147461
25,inf,2.784822
50,8,4.534968
50,16,4.623329
50,32,4.560066
50,64,4.586896
50,inf,4.221529
