w,lambda,avg_seconds
25,8,111.179682
25,16,110.659439
25,32,111.133900
25,64,111.283569
25,inf,102.262245
50,8,163.460407
50,16,167.005188
50,32,163.716785
50,64,163.652781
50,inf,151.645018
