w,lambda,avg_seconds
25,8,3.177716
25,16,3.193971
25,32,3.186721
25,64,3.146255
25,inf,2.800267
50,8,4.555804
50,16,4.532868
50,32,4.550957
50,64,4.544768
50,inf,4.206542
