w,lambda,avg_seconds
25,8,110.611267
25,16,110.080034
25,32,109.892616
25,64,111.336530
25,inf,98.195091
50,8,174.713038
50,16,163.020566
50,32,162.998114
50,64,162.978711
50,inf,152.288976
