w,lambda,avg_seconds
25,8,110.126859
25,16,111.282802
25,32,128.090169
25,64,119.464688
25,inf,109.383463
50,8,181.090569
50,16,177.362055
50,32,190.292404
50,64,214.007011
50,inf,175.025070
